{
  "use_lr": false,
  "use_xgb": true,
  "xgb_n": 474,
  "xgb_d": 7,
  "xgb_lr": 0.16727476627009447,
  "xgb_sub": 0.8015013800359836,
  "xgb_col": 0.607779772179775,
  "xgb_alpha": 0.449620389574772,
  "xgb_lambda": 1.5393054851193702,
  "xgb_gamma": 0.20678986581337672,
  "xgb_spw": 4.603153679404428,
  "xgb_w": 5,
  "use_lgbm": false,
  "use_cat": true,
  "cat_n": 312,
  "cat_d": 7,
  "cat_lr": 0.19106587286961274,
  "cat_l2": 1.0186640601720935,
  "cat_border": 114,
  "cat_w": 3,
  "use_mlp": true,
  "mlp_l1": 130,
  "mlp_l2": 61,
  "mlp_alpha": 5.073180612319122e-05,
  "mlp_lr": 0.004931893234941163,
  "mlp_iter": 582,
  "mlp_w": 1,
  "use_svc": false,
  "use_et": false,
  "use_gb": true,
  "gb_n": 433,
  "gb_lr": 0.0750493797535141,
  "gb_d": 7,
  "gb_leaf": 13,
  "gb_w": 4,
  "use_hist": false,
  "use_bag": true,
  "bag_n": 43,
  "bag_w": 1,
  "use_dt": true,
  "dt_d": 3,
  "dt_split": 7,
  "dt_w": 1,
  "use_rf": false,
  "use_ada": false,
  "use_lda": false
}